time,open,high,low,close,MA,MA,MA,MA,MA,Volume,Volume MA
1607817600,18806.83,19416.64,18628.1,19162.36,18753.137999999988,13389.073281249988,16781.052600000006,18628.70857142859,12071.683299999992,4251.96121032,7388.284669639569
1607904000,19151.82,19346.9,18979.21,19274.33,18813.19499999999,13447.646953124988,16905.757400000006,18671.13619047621,12120.16804999999,3618.37690457,6906.143566094569
1607990400,19274.33,19567.84,19050,19434.87,18840.465999999993,13508.208203124988,17033.120200000005,18684.18476190478,12170.23719999999,6750.77219425,6795.551063056568
1608076800,19434.55,21576.76,19277.66,21365.7,19038.97799999999,13582.197109374989,17187.476200000005,18809.57857142859,12228.54019999999,14974.62184371,6473.032827404068
1608163200,21358.96,23777,21244.04,22814.24,19403.05199999999,13671.42835937499,17378.266400000008,19078.823809523827,12295.38044999999,22626.69253048,7156.110071925068
1608249600,22829.89,23284.68,22360.93,23136.14,19885.02299999999,13761.82515624999,17571.620400000003,19363.669047619067,12360.04294999999,11360.33890442,7500.518724778568
1608336000,23142.05,24217.38,22719.78,23842.99,20413.65799999999,13855.96367187499,17777.237600000008,19654.202380952403,12431.62924999999,8672.0376961,7747.312650613569
1608422400,23842.38,24298.04,23092.77,23470.85,20935.71299999999,13947.300234374989,17970.333000000006,19905.574761904783,12500.63854999999,5095.96264009,7471.477236368568
1608508800,23470.85,24123.83,21864.86,22732.01,21404.91199999999,14032.298749999989,18149.733200000006,20049.947142857163,12565.338999999989,12675.12801873,7515.271953970068
1608595200,22750.07,23843.21,22383.59,23835.1,21906.85899999999,14125.432187499988,18355.160800000005,20291.07428571431,12636.414549999989,9367.60948339,7646.489335425069
1608681600,23819.08,24096.9,22624.92,23247.71,22315.39399999999,14210.973828124988,18539.283400000004,20482.558095238117,12704.303849999991,11541.96937133,7913.761550382568
1608768000,23215,23779.14,22700.1,23726.28,22760.588999999985,14302.91273437499,18730.597200000004,20686.26666666669,12774.18504999999,7185.48205493,7959.950873582568
1608854400,23747.22,24777,23403.82,24705.15,23287.616999999987,14404.06585937499,18912.599400000003,20973.475714285734,12848.79579999999,6469.22897257,8164.576161031569
1608940800,24714.01,26809.5,24485.32,26466.28,23797.67499999999,14518.18234374999,19129.963200000006,21321.290952380976,12932.242999999991,7491.46184626,8413.97654019957
1609027200,26472.89,28377.94,25770,26259.6,24142.21099999999,14633.24374999999,19358.3758,21648.863333333356,13014.06939999999,13234.33412894,8859.52972458057
1609113600,26242.82,27473.49,26079.6,27037.91,24532.387999999984,14753.323515624988,19589.351000000002,22023.35904761907,13102.937649999989,7987.77761059,8959.920293470572
1609200000,27037.9,27395,25831.85,27370,24885.088999999985,14876.17781249999,19830.110200000003,22454.48142857145,13192.47229999999,9577.27829174,8993.43694569107
1609286400,27370,29010.32,27328.37,28881.3,25426.133999999987,15009.92390624999,20101.463200000002,22946.13190476193,13289.51149999999,11741.7333812,9241.30084017907
1609372800,28893.21,29300,27930.75,28992.79,26052.21199999999,15147.923203124989,20367.161200000002,23457.67904761907,13387.825499999988,9477.67661813,9380.788537391072
1609459200,28999.63,29700,28720,29402.64,26608.965999999986,15288.027421874987,20629.214,23998.75619047621,13487.66294999999,8781.46555456,9644.095462815572
1609545600,29410.77,33333,29050,32216.53,27505.847999999987,15451.203437499988,20946.833,24636.89428571431,13601.09409999999,17867.8788985,10324.891347224573
1609632000,32216.51,34800,31977.45,33097.83,28443.002999999986,15619.650703124988,21287.0628,25300.488095238117,13719.27679999999,14160.5812801,10852.001566001072
1609718400,33068.83,33669.76,27734,32005.88,29173.075999999983,15780.073906249989,21607.6706,25906.752380952406,13832.432299999991,22446.94000548,11636.80995656257
1609804800,32054.23,34500,29936.26,34039.05,29930.352999999985,15954.52765624999,21953.959199999998,26602.189523809546,13956.10594999999,14806.49650719,11628.403689736571
1609891200,34081.24,37050.83,33348.27,36849.94,30989.386999999988,16151.363124999989,22337.345400000002,27339.53428571431,14093.57834999999,19219.28788972,11458.033457698572
1609977600,36875.96,40402.46,36327.5,39510.49,32236.644999999982,16366.88289062499,22771.8362,28134.593809523834,14244.715649999991,23102.26120863,12045.12957290907
1610064000,39510.59,42000,36618.36,40667.07,33566.351999999984,16595.54406249999,23228.6682,28969.40000000003,14399.635399999988,22183.95174233,12720.725275220571
1610150400,40682.76,41422.77,38788.16,40239.06,34702.12799999998,16830.53671874999,23659.6964,29750.165238095266,14552.71664999999,8535.84731272,12892.719508852071
1610236800,40239.06,41450,34322.07,38173.73,35620.22199999999,17047.078984374988,24048.671000000002,30450.30238095241,14697.154999999988,16218.9974052,13069.912978175571
1610323200,38164.88,38261.39,30261.13,35455.58,36225.51599999998,17244.64453124999,24389.078599999997,31056.186666666697,14828.235499999988,40786.96425433,14640.88071672257
1610409600,35449.71,36639.23,32479.91,34035.02,36407.36499999998,17430.38554687499,24702.112,31541.897142857168,14952.619299999988,18267.87445007,14977.175970659571
1610496000,34035.02,37800,32327.76,37393.49,36836.93099999998,17641.45078124999,25066.764800000004,32215.50571428574,15094.540249999987,13662.38216261,15301.020976043572
1610582400,37393.49,40112.78,36717.23,39134.35,37549.77799999998,17868.094453124988,25474.803200000002,32949.22333333336,15244.621949999986,10923.5047334,15523.734764085073
1610668800,39147.98,39694,34380,36756.57,37821.529999999984,18075.311406249988,25866.7328,33523.100476190506,15382.460399999989,13499.11727006,15824.117535275072
1610755200,36778.66,37944.12,35350,36000,37736.53599999998,18275.75992187499,26243.645000000004,33977.08714285717,15516.795599999987,7688.58269814,15546.829963735072
1610841600,36013.51,36839,33833.55,35819.25,37367.41199999998,18474.40218749999,26605.194200000005,34432.3085714286,15649.724949999987,6821.71255949,15488.526711180073
1610928000,35826.36,37449.86,34777.85,36616.95,36962.39999999998,18678.88359374999,26973.692600000002,34888.45333333335,15787.345099999988,6251.2145414,15322.223523663075
1611014400,36665.82,37874.71,35888,35917.62,36530.25599999998,18878.749531249992,27298.0412,35295.48285714288,15921.617799999985,6578.85825052,15064.079767129075
1611100800,35888.13,36440.1,33400,35496.91,36262.57399999998,19072.66953124999,27632.5508,35610.51190476193,16053.409749999986,12160.46753333,15198.219312889076
1611187200,35516.17,35620.96,30044.16,30818.18,35798.83399999999,19229.18789062499,27864.3834,35697.43523809526,16162.116549999988,21214.6412581,15819.878098066076
1611273600,30817.86,33864.85,28800,32992.06,35694.537999999986,19401.37945312499,28135.2566,35868.36000000002,16280.335749999987,17019.5834508,15777.463325681074
1611360000,32989.1,33468.46,31426.11,32117.49,35166.93799999998,19566.82492187499,28404.1312,35863.64380952383,16394.63739999999,5255.74586786,15332.221555069074
1611446400,32098.38,33075.75,30960.77,32288.83,34482.385999999984,19733.68140624999,28666.6646,35825.120000000024,16508.89574999999,4658.70962563,14442.810036076573
1611532800,32289.06,34888,31939.12,32261.22,34032.85099999998,19899.18140624999,28924.277400000003,35837.27904761907,16624.02734999999,10038.75547087,14204.422984260575
1611619200,32264.15,32953.28,30847.4,32504.53,33683.30399999998,20067.783203124993,29190.898,35764.206666666694,16740.132349999985,11554.91101117,13821.204140333075
1611705600,32521.65,32580.12,29150.49,30424.62,33143.84099999998,20224.13734374999,29433.061800000003,35458.23904761907,16846.06394999999,22403.70666206,13786.276413004574
1611792000,30427.34,33870.58,29899.99,33484.87,32830.63299999998,20403.438593749994,29731.6264,35171.30476190479,16966.957449999987,17879.35697563,13571.046674669575
1611878400,33488.66,38620,31990,34249.64,32663.83499999998,20591.06531249999,30051.6132,34865.712857142884,17092.040149999986,31439.61903418,14716.235260742575
1611964800,34265.71,34931.39,32860,34323,32546.443999999978,20775.27609374999,30377.2728,34583.99571428574,17217.39719999999,7281.28566632,14269.349673798575
1612051200,34300.19,34380.21,32193.7,33141.38,32778.76399999998,20950.678984374994,30663.7878,34344.36000000002,17337.153749999987,4750.12315608,12467.507618886075
1612137600,33110.32,34736.1,32333.01,33532.74,32832.83199999998,21128.832499999993,30951.1954,34252.79619047622,17459.153099999985,8374.05662032,11972.816727398575
1612224000,33497.16,36008.67,33431.67,35522.16,33173.29899999998,21322.125468749993,31276.152,34323.61238095241,17590.981399999986,7225.86501969,11650.990870252575
1612310400,35496.91,37732.87,35382.45,37691.63,33713.578999999976,21533.079765624992,31641.2872,34337.80952380955,17733.55239999999,8777.33287657,11543.682277411073
1612396800,37693,38748.52,36197.65,36996.32,34187.08899999998,21737.45398437499,31953.8996,34235.9985714286,17872.474049999986,11762.80234811,11456.866531313575
1612483200,36984.28,38359.69,36618.36,38320,34768.63599999998,21952.624140624994,32264.0148,34310.44761904765,18018.261899999987,5211.97488137,11333.036140475075
1612569600,38320,41025.48,38230.81,39282.1,35654.38399999998,22176.525624999995,32586.933999999997,34466.73809523812,18167.71614999999,8635.66020711,11423.733522856073
1612656000,39274.8,39727.44,37412.93,38858.39,36191.735999999975,22397.461953124992,32887.242,34611.45904761908,18314.310549999987,5973.24016085,11409.834803828573
1612742400,38870.36,46712.12,38050.97,46416.45,37408.41699999997,22677.639999999992,33346.154,35078.101904761934,18498.306799999988,19053.71343569,12033.577563087074
1612828800,46445.51,48216.09,45000,46505.2,38626.63699999997,22957.605390624994,33821.6178,35582.27238095241,18683.093249999987,12505.08248337,12050.808310589075
1612915200,46493.9,47364.09,43746.06,44854.63,39797.96199999998,23223.696249999994,34242.0084,36027.87809523813,18858.81149999999,9483.3289564,11464.242695504076
1613001600,44854.63,48696.84,44040.96,47981.48,41242.835999999974,23515.689609374993,34736.6838,36845.17809523813,19048.995649999986,9390.81635484,11082.804340706074
1613088000,48044.88,49000,46231.16,47395.84,42430.203999999976,23802.61695312499,35210.075,37531.072380952406,19230.743899999987,5970.13590277,11118.523842451574
1613174400,47424.25,48220,46133,47228.48,43383.888999999974,24086.236328124993,35660.5416,38250.64333333336,19412.189949999985,4271.67215148,11099.171968744075
1613260800,47258.66,49714.66,47081.02,48662.5,44550.50699999997,24380.068359374993,36104.46599999999,39030.34190476193,19599.94659999999,5201.6939256,10857.318891480574
1613347200,48620.48,49048.82,45914.75,47942.57,45512.763999999974,24666.329062499994,36538.1254,39777.07285714288,19784.098849999988,6922.00560598,10625.673621221073
1613433600,47954.05,50602.53,47036.02,49166.53,46501.20699999997,24961.59156249999,36980.697799999994,40570.50142857145,19973.147799999988,8376.07608814,9924.292092525073
1613520000,49136.7,52640,48896.19,52174.28,47832.79599999997,25279.078281249993,37476.7834,41606.19952380955,20174.93174999999,9571.64796874,9508.906642180573
1613606400,52141.23,52566.98,50869.61,51579.54,48349.10499999997,25592.76234374999,37930.7482,42467.850476190506,20377.471149999987,6330.14291878,8253.432836410571
1613692800,51560.46,56399.99,50627.32,55988.58,49297.44299999997,25940.88531249999,38470.664,43503.03809523812,20601.232099999987,9229.78250415,8350.857678302073
1613779200,56000.59,57553.81,54000,55936.04,50405.58399999997,26287.955078124993,39001.331999999995,44532.2304761905,20824.95019999999,5187.25046252,8372.714043624072
1613865600,55919.75,58354.14,55537.99,57492.91,51356.72699999998,26648.66640624999,39506.859599999996,45691.82714285717,21053.63854999999,3562.96950963,8132.159688089572
1613952000,57485.74,57564.19,47400,54173.65,52034.50799999997,26983.102734374992,39928.376,46674.72761904764,21265.65639999999,17002.83273081,8621.008073645573
1614038400,54173.64,54196.58,44845.72,48887.93,52200.45299999997,27275.03992187499,40266.017,47311.19285714288,21452.091799999987,17766.39814895,9070.461337264573
1614124800,48927.33,51459.51,47000,49754,52309.602999999974,27571.83570312499,40580.316,47885.59142857145,21641.97729999999,8774.36674339,8921.039557028573
1614211200,49715.13,52079.16,46723,47088.58,52224.203999999976,27846.581562499992,40785.0888,48366.17523809527,21819.00504999999,7920.69294708,9056.475460314072
1614297600,47070.18,48476.62,44151.97,46314.83,51939.03399999997,28108.395312499993,40921.175599999995,48746.88142857146,21991.103599999988,8126.22740854,9031.003820385573
1614384000,46324.15,48365.31,45050,46109.98,51332.60399999998,28367.19781249999,41030.0338,49072.018571428605,22164.690299999987,3071.56836645,8885.920230665573
1614470400,46142.1,46659.88,43021,45240.96,50698.74599999997,28619.536640624992,41130.0718,49375.950476190505,22333.06834999999,6668.91811403,8266.680464582572
1614556800,45261.56,49831.52,45020.25,49629.33,50062.820999999974,28904.744453124993,41359.1838,49528.94476190479,22522.248699999993,8512.7594378,8067.064312304074
1614643200,49641.89,50250,47069.52,48516.35,49320.85199999998,29181.910546874995,41620.3992,49624.71380952384,22705.931599999993,4945.78880692,7840.187304830074
1614729600,48438,52652.82,48168.45,50379.68,48609.52899999997,29473.417968749993,41947.292400000006,49887.81142857146,22898.56899999999,6151.4871525,7678.220844713073
1614816000,50376.05,51817.54,47500,48360.5,48028.21399999998,29744.610156249993,42166.6326,49905.86000000004,23080.801399999993,5641.61213573,7661.794656361072
1614902400,48353.09,49471.24,46294,48739.21,48013.341999999975,30021.676406249993,42358.7298,49969.83000000004,23263.00554999999,5219.24690875,7709.173394224573
1614988800,48774.67,49200,47082.29,48904.63,47928.40499999998,30298.521640624997,42601.691,50049.646666666704,23447.738199999993,2141.06029528,7556.141712708573
1615075200,48933.12,51477.53,48933.12,50967.3,48316.27699999997,30590.749531249996,42901.037000000004,50159.39904761909,23643.786949999994,2818.44991057,7350.9639279380735
1615161600,50952.55,52427.8,49316.98,52427.8,48927.57399999998,30892.403593749994,43233.208,50372.98142857147,23846.62909999999,4419.56113432,7153.138180247074
1615248000,52427.8,54939.26,51857,54929.02,49809.477999999974,31214.020937499994,43599.449400000005,50647.38571428576,24063.615499999993,5428.89224399,6946.000394009575
1615334400,54927.29,57402.89,53010,55852.29,50870.610999999975,31544.400390624993,43998.1428,50822.529047619086,24284.538449999993,6916.27818124,6975.307157132574
1615420800,55918.09,58155.99,54269,57772.09,51684.88699999997,31886.044999999995,44443.646400000005,51117.412380952424,24515.17564999999,6640.48776529,6845.842420189573
1615507200,57847.92,58098.5,55011,57271.04,52560.355999999985,32222.845390624992,44972.7036,51178.481904761946,24742.72184999999,5232.31057076,6848.095425601573
1615593600,57297.67,61781.83,56080.96,61165.19,53638.906999999985,32578.784062499995,45536.16620000001,51427.48904761909,24991.903399999996,6187.83400169,6979.338650204573
1615680000,61177.03,61700,58959.57,59016.39,54704.495999999985,32917.989531249994,46074.14420000001,51500.03571428575,25229.638849999992,3274.12215493,6292.903121410573
1615766400,58956.9,60595.13,54555,55644.37,55395.01199999999,33236.78171875,46541.25500000001,51570.07000000003,25451.210699999992,7725.21404982,5790.843916454073
1615852800,55616.42,56950,53221,56908.34,56195.38299999999,33560.36914062499,47034.19740000001,51951.994285714325,25678.069499999994,7733.22669474,5738.7869140215735
1615939200,56928.38,58968.8,54124,58901.8,56988.832999999984,33900.757890625,47562.14280000001,52387.60380952385,25915.21994999999,5840.07702599,5634.756117967074
1616025600,58939.73,60083.25,57000,57648.05,57510.857999999986,34231.495390624994,48106.61140000001,52890.435714285755,26144.915349999992,5516.46389423,5504.267942251574
1616112000,57648.01,59450.95,56279.34,58072,57825.15599999998,34562.465,48598.35400000001,53450.30095238099,26377.00034999999,3523.48233151,5526.863640504574
1616198400,58029.94,59957,57815.61,58138.39,58053.76599999998,34889.327421874994,49076.129,54023.082380952415,26608.07249999999,2382.94564802,5312.565017204073
1616284800,58072.87,58632.52,55500,57381.79,58014.73599999999,35210.00093749999,49537.304800000005,54601.21714285718,26837.989249999995,3628.79780904,5068.366935766074
1616371200,57410.54,58461.78,53715,54070.92,57694.72399999999,35506.755468749994,49955.8956,54812.721428571465,27057.543849999995,6566.96696309,5149.425843574574
1616457600,54117.71,55866.44,52933.03,54361.57,57014.36199999998,35806.646718749995,50372.472200000004,55091.065238095274,27277.070099999994,4996.46365198,5091.674668548573
1616544000,54360.07,57207.33,51638.76,52287.52,56341.47499999998,36084.481875,50707.77940000001,55181.9147619048,27487.671749999994,6866.97994376,5152.9430589500735
1616630400,52281.77,53271.59,50360,51326.11,55909.648999999976,36347.337187499994,50980.469000000005,55323.134285714325,27693.001449999992,6682.61740401,5226.111583713073
1616716800,51292.65,55114.86,51263.38,55081.37,55726.951999999976,36638.70765624999,51342.17000000001,55625.14190476195,27916.522599999993,4874.25111496,5362.771124697074
1616803200,55081.26,56686.15,53948.35,55839.42,55420.71399999998,36935.691640624995,51692.55840000001,55955.370000000046,28145.099899999994,2609.96757961,5352.347008149074
1616889600,55817.85,56573.04,54677.51,55790.92,55235.000999999975,37225.56093749999,52022.73480000001,56185.06619047623,28372.890499999994,2073.4491914,5235.041411003074
1616976000,55790.28,58402.68,54892.42,57600.1,55187.81099999997,37529.272656249996,52397.56900000001,56431.366190476234,28609.17804999999,5362.21834836,5231.707716221574
1617062400,57623.66,59388.66,57011,58760.59,55250.03099999997,37844.31476562499,52644.45180000001,56613.82190476195,28851.01579999999,3392.33861916,5055.510738117573
1617148800,58767.75,59816.17,56713.45,58782.58,55390.10999999997,38159.93375,52889.999400000015,56753.35952380957,29092.71204999999,4595.25252072,4953.248975889072
1617235200,58789.96,59490,57935.42,58728.53,55855.87099999997,38469.056249999994,53167.47740000001,56798.90428571433,29334.68079999999,2786.57778688,4830.962336695073
1617321600,58744,60103.04,58450,59003.6,56320.07399999998,38783.67476562499,53387.91980000001,56881.40714285719,29576.32304999999,2564.6000207,4649.800637645572
1617408000,58967.61,59801.39,56922,57064.42,56797.76399999997,39095.427343749994,53581.29140000002,56686.132380952426,29807.72599999999,1663.26835296,4569.257947547073
1617494400,57064.13,58501,56466.25,58212.18,57486.37099999997,39416.191328124994,53800.965400000016,56647.83666666671,30044.02919999999,1440.63181986,4255.028836049073
1617580800,58213.69,59280,56800,59125,57890.733999999975,39739.497656249994,54010.215400000016,56813.580952381,30284.95184999999,2402.43713513,3988.4893580685734
1617667200,59135.36,59473.9,57216,58018.3,58108.621999999974,40050.64039062499,54211.73000000002,56866.43619047624,30520.38734999999,2711.39784733,3832.0553991355728
1617753600,58024.9,58668,55441.93,55932.83,58122.81299999998,40333.707890624995,54347.05600000001,56725.05666666672,30744.66539999999,5454.57661606,3828.9610352270734
1617840000,55912.38,58145.49,55680.4,58096.6,58172.462999999974,40640.935781249995,54465.50240000002,56746.416190476244,30980.53089999999,4586.80685854,3882.1272615785733
1617926400,58066.18,58890.25,57657.43,58109.56,58107.35999999997,40944.70929687499,54596.10280000002,56748.20476190482,31219.02224999999,2660.64809651,3896.0123840030733
1618012800,58129.02,61222.22,57870,59766.93,58205.79499999997,41259.697812499995,54671.66980000001,56825.75428571434,31465.185349999992,3917.95081704,3910.470034403073
1618099200,59773.19,60679,59165.15,59979.26,58330.86799999997,41582.397031249995,54752.53420000002,56949.443333333395,31713.91454999999,1822.72044967,3673.257708732073
1618185600,59972.26,61234.56,59361.11,59831.66,58413.67399999998,41900.127499999995,54799.30920000002,57223.764285714344,31959.35274999999,3707.43645474,3608.806348870073
1618272000,59814.87,63769,59780,63564.48,59063.67999999997,42245.31421875,54987.125800000016,57661.99809523816,32223.72609999999,5709.6716825,3550.9409358070734
1618358400,63605.69,64895.22,61327,62986.09,59541.070999999974,42587.600078125,55269.089000000014,58171.453809523875,32485.01109999999,6002.89354304,3516.9547427585735
1618444800,62954.2,63855.37,61998.9,63239.19,59952.489999999976,42938.559140624995,55538.79280000001,58738.743333333405,32747.303749999992,3433.44934498,3444.9146542595736
1618531200,63247.24,63580.4,60042.04,61436.24,60294.28399999997,43273.55601562499,55825.746000000014,59041.356190476254,33001.03754999999,5778.81668659,3603.3571096085734
1618617600,61436.23,62596.48,59676.67,60032.29,60704.22999999997,43599.977812499994,56100.09520000001,59241.01666666673,33247.01689999999,3091.48365756,3654.2588329165737
1618704000,60048.82,60433.81,51541.16,56280.6,60522.62999999997,43898.732343749994,56303.50760000002,59264.33476190482,33474.52879999999,12869.85937399,4029.6408841980738
1618790400,56260.83,57633,54252.88,55694.55,60281.12899999997,44186.848906249994,56512.57940000002,59173.59428571435,33699.88799999999,5791.23906226,4149.585906353073
1618876800,55694.55,57119,53400,56503.19,59954.75499999997,44478.574140624994,56650.05660000001,59066.09904761911,33929.51124999999,5863.88283884,4213.017422259074
1618963200,56493.02,56850,53628.79,53806.24,59337.452999999965,44748.354687499996,56755.85440000001,58829.130476190534,34145.77414999999,4578.25708723,4302.601387276573
1619049600,53823.48,55491.8,50450.01,51683.95,58522.68199999997,45000.300624999996,56781.939800000015,58493.67428571435,34350.845749999986,7838.86768185,4566.314770334073
1619136000,51693.98,52131.34,47555,51176.65,57283.89899999996,45233.19867187499,56838.26280000001,58120.962380952435,34552.753999999986,11649.31918465,5065.617311918572
1619222400,51177.77,51227.38,48713.34,50118.94,55997.18399999997,45446.51664062499,56865.85740000001,57790.22523809529,34750.31704999999,3445.13658315,5165.842550083073
1619308800,50126.34,50608.94,47004.2,49128.43,54586.107999999964,45649.58140624999,56870.33340000002,57357.665714285766,34942.61349999999,4167.43570798,5254.092478725572
1619395200,49122.75,54404.78,48823.01,54073.41,53849.82499999997,45885.75656249999,56932.455600000016,57117.11380952387,35158.35454999999,6046.79682802,5420.862427760072
1619481600,54015.32,55519.37,53325.75,55091.39,53355.73499999997,46132.79203124999,56985.72740000001,56977.73714285721,35378.55149999999,4111.12521596,5353.689857755072
1619568000,55094.73,56500,53811.49,54901.97,53217.871999999974,46384.11984374999,56985.18640000001,56928.64857142863,35596.555349999995,4542.50992013,5351.475010834572
1619654400,54898.45,55239.33,52379.9,53593.97,53007.81399999998,46616.61101562499,56940.02000000001,56714.23761904767,35807.66054999999,4172.67670698,5427.076441358071
1619740800,53585.93,58008,53087.15,57775.27,53135.021999999975,46886.35757812499,56940.08360000001,56698.3190476191,36038.85699999999,4809.18204712,5471.6380028620715
1619827200,57790.66,58549,57049.63,57851.91,53539.58899999998,47152.964062499996,56951.70100000001,56607.12761904767,36270.97664999999,2248.55545142,5492.9297529495725
1619913600,57893.01,57967.01,56064.51,56622.66,54033.459999999985,47402.319609374994,56860.8504,56447.28952380957,36496.945749999984,1887.08427188,5401.912143806572
1620000000,56599.91,59000,56500,57222.37,54638.031999999985,47642.60156249999,56824.97,56323.03761904767,36725.50204999999,3636.51735676,5298.254427519571
1620086400,57227.64,57250.85,53080.69,53236.84,54949.821999999986,47853.361249999994,56776.81940000001,55831.24523809529,36935.07694999999,5747.19401914,5285.469451324572
1620172800,53221.75,57976.62,52924.5,57509.93,55787.97199999999,48091.42390624999,56788.851200000005,55570.475714285756,37165.79759999999,5504.55788108,5389.024878129571
1620259200,57517.08,58420.83,55283,56447.39,56025.36999999998,48318.591015624996,56739.763,55247.05666666671,37390.43469999999,5144.23317131,5357.295702365571
1620345600,56425.82,58743.85,55288.11,57381.73,56254.40399999998,48541.25062499999,56734.4366,55053.984761904816,37618.522649999984,4234.70954424,5414.456996699571
1620432000,57371.02,59564.24,56977.5,58984.75,56662.681999999986,48775.56281249999,56752.69159999999,55004.101904761956,37853.84084999999,2928.99345356,4917.413700678071
1620518400,58964.89,59300.62,56256,58305.24,57133.80899999999,49001.364375,56756.02859999999,55100.51333333338,38081.353699999985,2589.62561937,4757.333028533571
1620604800,58336.16,59603,53500,55880.72,56944.35399999998,49186.24085937499,56726.0072,55109.37857142863,38295.840999999986,6589.4271403,4793.610243606572
1620691200,55854.43,56972.33,54500,56763.7,56835.53299999998,49371.130468749994,56779.862799999995,55121.78380952386,38514.95154999999,4203.16906929,4774.855842709572
1620777600,56763.7,58021.26,48530,49386.56,56111.92299999999,49506.91703124999,56680.3626,54911.322857142906,38696.27069999999,6367.35410217,4701.280163725572
1620864000,49419.44,51420.72,45700,49694.96,55359.181999999986,49629.22882812499,56628.511399999996,54816.609047619095,38879.55004999998,9096.38363317,4573.633386151572
1620950400,49711.64,51572,48875.69,49880.43,55023.54099999999,49731.029531249995,56599.597799999996,54754.88428571433,39063.618549999985,4011.0819038,4601.930652184072
1621036800,49883.89,50710.93,46448.53,46708.89,53943.43699999999,49787.26703125,56432.1482,54592.500952381,39228.92349999999,3613.92837843,4574.255285706573
1621123200,46753.4,49800,43769.4,46444.75,52943.17299999999,49832.405156249995,56244.2548,54464.706666666716,39394.773599999986,5750.08326356,4559.419607483573
1621209600,46446.42,46648.5,42100,43593.39,51564.338999999985,49858.610859374996,56000.3042,53965.65809523814,39545.39834999999,12262.72268102,4966.999480736573
1621296000,43581.27,45872.05,42023.69,42877.75,49953.63899999998,49895.36101562499,55705.8572,53384.05619047623,39691.97644999999,6275.91387222,5053.6696783410725
1621382400,42900.85,43601.63,30066,36780.43,47801.15799999998,49905.71140625,55266.25399999999,52521.12571428575,39806.79819999999,32468.86397019,6468.479041501572
1621468800,36793.39,43000,35000,40640.9,46277.175999999985,49957.319843749996,54903.4204,51904.3128571429,39941.192699999985,14703.03041947,6963.171460119073
1621555200,40566.13,42297.89,33520,37335.16,44334.32199999998,49956.864140624995,54475.552999999985,50930.974285714314,40060.04989999999,13106.84060164,7506.085717630073
1621641600,37318.43,38887.99,35260,37500.54,43145.71999999999,49944.09999999999,54045.491799999996,49961.861428571465,40177.34469999999,5720.00562166,7697.731785119073
1621728000,37474.34,38311.74,31107.46,34706.79,41646.902999999984,49928.08609375,53598.3392,48918.24857142861,40280.07569999999,9376.29208573,7984.720521567573
1621814400,34735.35,39960,34426.21,38839.86,40542.84599999998,49950.27249999999,53210.892799999994,48042.89095238099,40396.24979999998,10213.18324641,8208.019982931073
1621900800,38848.36,40000,36486.85,38397.72,39711.728999999985,49970.41679687499,52796.3472,47336.266190476235,40510.24794999998,5765.3472603,8221.059451892073
1621987200,38385.87,40904,37859.74,39309.56,38998.209999999985,49991.45281249999,52422.1724,46469.58190476195,40632.60089999999,4205.61283515,8174.128435084074
1622073600,39299.46,40429.47,37212.9,38503.47,38489.21799999998,50011.654765625,52073.585199999994,45615.10952380957,40747.672499999986,4113.43820958,8168.0648683510735
1622160000,38578.5,38905.12,34710.23,35692.46,37770.688999999984,50013.182499999995,51625.502400000005,44582.287142857196,40849.47459999999,6167.02059154,8329.966225250075
1622246400,35691.36,37348.01,33650,34632.08,37555.853999999985,50042.97859375,51155.9528,43422.636190476245,40946.06674999999,4457.16762006,8423.343325284575
1622332800,34644.09,36516.99,33425,35677.72,37059.535999999986,50063.96031249999,50674.168600000005,42345.13523809529,41045.91589999999,2979.71977699,8242.857957119075
1622419200,35675.3,37540.96,34195.2,37341.41,37060.160999999986,50104.77218749999,50221.4116,41462.31095238101,41151.12294999998,4383.79233382,8251.889120345575
1622505600,37279.89,37927.44,35699.98,36693.3,36979.43699999999,50139.18210937499,49758.644400000005,40506.57761904768,41252.91154999999,4348.7544836,8150.959139417076
1622592000,36693.3,38256.3,35933.19,37589.36,37267.69399999999,50180.808203124994,49239.14199999999,39944.80619047624,41360.42664999999,4270.10341121,7909.6451283190745
1622678400,37585.12,39490,37176.06,39219.88,37305.69599999999,50233.27187499999,48763.81779999999,39445.99285714292,41476.648599999986,4058.94293164,7912.038179711075
1622764800,39242.94,39277.36,35576.67,36887.32,37154.655999999995,50283.76171874999,48236.78039999999,38827.273333333396,41577.46209999998,5786.18608707,8020.651065143075
1622851200,36851.58,37927.93,34849.65,35532.14,36776.91399999999,50299.756015625,47718.6984,38295.047142857205,41666.719649999985,4106.34880652,7938.464342291076
1622937600,35532.59,36510.58,35250,35808.85,36507.452,50311.937343749996,47234.2296,37788.57571428578,41756.83414999999,2526.73361997,7451.664889238576
1623024000,35810.69,36808.3,33321.09,33582.62,36296.46799999999,50306.15312499999,46780.26999999999,37311.87238095245,41835.61989999999,4913.04022502,7383.521206878575
1623110400,33567.51,34085.61,31025,33411.69,36174.42899999999,50308.264921874994,46334.612799999995,36861.10761904769,41909.24009999998,9044.64846998,6212.310431868076
1623196800,33413.19,37556.25,32423.72,37400,36346.65699999999,50338.47789062499,45952.54899999999,36890.610952381016,42002.61509999999,8539.5873422,5904.138278004576
1623283200,37414.64,38446.24,35824.69,36707.54,36283.26999999999,50347.73867187499,45610.575,36703.30809523816,42093.97679999999,5761.7248874,5536.882492292576
1623369600,36724.97,37680.65,35958.49,37341.11,36348.05099999999,50345.00023437499,45323.718199999996,36703.59142857149,42188.765599999984,3741.23051559,5437.943736989076
1623456000,37338.91,37445.55,34630,35542.76,36143.39099999999,50333.64429687499,45011.04039999999,36610.36380952388,42270.67514999999,3727.9523535,5155.526750377576
1623542400,35563.66,39386.43,34783.9,39013.76,36122.778999999995,50339.06429687499,44788.936799999996,36815.45761904769,42372.081799999985,3601.91766642,4824.963471378076
1623628800,39035.52,41050,38758.4,40532.79,36487.32599999999,50348.83531249999,44617.024,36896.0733333334,42488.945299999985,6281.28059699,4850.760138212577
1623715200,40544.19,41341.57,39526.47,40171.47,36951.259,50359.09374999999,44338.98519999999,36980.53761904769,42604.03069999998,4078.8019744,4844.419595175077
1623801600,40166.93,40506.59,38095.41,38353.99,37205.772999999994,50296.10578124999,44004.23719999999,36935.034285714355,42707.09169999999,4008.51296381,4839.173332886578
1623888000,38361.38,39553.05,37350,38097.68,37657.278999999995,50230.42203125,43668.15139999999,36915.71095238102,42806.619949999986,3569.2526164,4709.284934129578
1623974400,38110.25,38208.68,35143.68,35840,37900.11,50159.99523437499,43313.07199999999,36922.73666666674,42887.31899999999,4240.40486721,4698.446796487077
1624060800,35849.18,36440,34718.21,35507.06,37710.816,50062.53882812499,42867.7078,36964.40238095246,42970.99714999999,3129.33472247,4705.927543761078
1624147200,35494.7,36125,33337,35589.77,37599.039000000004,49970.303906249996,42422.465,36960.214285714355,43052.813249999985,3958.11811992,4684.643833066078
1624233600,35598.66,35763.8,31238.69,31634.16,37028.344,49848.47328124999,41922.695,36688.440476190546,43113.74204999998,8580.06222043,4896.209219907578
1624320000,31628.83,33315.85,28600,32545.26,36728.594,49722.55734374999,41429.15280000001,36490.91476190484,43183.099549999984,9778.51694548,5171.629896621078
1624406400,32547.57,35000,31670.89,33652.28,36192.446,49610.91445312499,41037.4616,36303.434761904835,43255.55014999999,5855.58129399,5261.461814738578
1624492800,33693.99,35289,32314.37,34649.32,35604.099,49497.49874999999,40580.2494,36085.78904761912,43331.893849999986,4725.82718452,5208.443869611078
1624579200,34652.68,35517.22,31271.02,31597.75,34746.727,49336.74460937499,40083.2566,35833.904761904836,43394.01509999999,5099.26353351,5258.089605960578
1624665600,31595.95,32714.46,30082.79,32269.38,34138.266,49185.883984374996,39581.0096,35678.53523809531,43463.779849999984,3300.16005776,5296.7609278500795
1624752000,32293.98,34772.94,32015.82,34699.5,33798.448,49019.563046874995,39095.304599999996,35625.70904761912,43544.494149999984,3260.56534452,5214.13718382508
1624838400,34716.02,35357.13,33878.23,34487.11,33663.159,48851.99328125,38618.941999999995,35668.78000000007,43625.67819999999,3369.99371686,4930.404446169079
1624924800,34494.42,36623.79,34240,35907.93,33703.246,48683.360624999994,38219.48619999999,35787.64857142865,43715.017749999985,3179.50783988,4662.400471053079
1625011200,35900.05,36099.82,34049.36,35037.23,33647.992,48533.857343749994,37784.95679999999,35675.13571428579,43796.125749999985,3381.0453953,4543.3664964480795
1625097600,35059.71,35071.34,32700.88,33564.21,33840.996999999996,48414.14078125,37468.50979999999,35525.453333333404,43868.13499999998,3118.76325902,4512.243133619579
1625184000,33537.11,33981.51,32700.05,33811.56,33967.627,48289.59046874999,37150.84179999999,35357.37952380959,43940.82114999998,2086.83881625,4430.187456757079
1625270400,33810.46,34959.72,33333.1,34688.3,34071.229,48192.71328124999,36846.99919999999,35316.690952381025,44017.08829999998,1244.49692391,4312.316419631579
1625356800,34672.08,35960,34404.29,35289.21,34135.21799999999,48106.57562499999,36618.60559999999,35139.3314285715,44086.705849999984,1204.00371528,4058.4525755460795
1625443200,35255,35258.7,33143,33704.21,34345.864,48009.655546874994,36363.794799999996,34814.160952381026,44141.15569999998,2254.35340918,3967.230147285079
1625529600,33730.76,35100.49,33510.58,34244.09,34543.335,47923.74249999999,36176.8088,34531.904761904836,44196.69544999998,2386.50511711,3886.129754950079
1625616000,34231.95,35059.02,33800,33882.47,34461.632,47800.72015624999,35996.9032,34318.975238095314,44246.89284999998,1540.04244824,3784.6692465420792
1625702400,33858.33,33943.02,32101,32898.79,34302.8,47678.707968749986,35919.2704,34071.40904761913,44294.03254999998,2945.85492495,3719.941749429079
1625788800,32892.94,34115.44,32285.73,33826.43,34094.65,47549.38570312499,35782.981,33975.52476190483,44349.50464999998,1636.57507041,3645.3037668260795
1625875200,33830.73,34261.04,33014.21,33517.6,33942.68699999999,47433.42554687499,35706.6298,33880.788571428646,44397.91714999998,1442.42483187,3519.519102423579
1625961600,33521.48,34635.82,33335.49,34258.53,34012.11899999999,47320.29523437499,35641.789600000004,33817.39619047626,44452.97124999998,1635.01765874,3172.266874339079
1626048000,34266.84,34677,32660,33105,33941.462999999996,47196.86062499999,35609.753800000006,33887.436190476255,44499.86484999998,1879.53733471,2777.3178938005794
1626134400,33091.53,33340,32190,32728,33745.433,47054.36609374999,35487.5166,33896.138095238166,44539.97909999998,1870.57403303,2578.0675307525794
1626220800,32737.56,33111.72,31589.35,32823.55,33498.86699999999,46901.20789062499,35376.033200000005,33856.67476190483,44571.76544999998,2753.09806091,2479.4310745720795
1626307200,32818.68,33179,31121.57,31848.65,33313.311,46720.89249999999,35226.81500000001,33723.3095238096,44599.71069999998,2470.21303625,2347.9785497090797
1626393600,31885.7,32264.53,31012.93,31388.17,33027.719,46529.766562499986,35084.50900000001,33713.32952380959,44621.461999999985,1912.46866725,2278.5939801835802
1626480000,31376.3,31950,31176.66,31529.68,32792.43999999999,46324.74773437499,35001.253400000016,33678.10571428578,44642.260399999985,1550.07201059,2193.0693134870803
1626566400,31509.33,32440.98,31100,31776.65,32680.225999999995,46125.57281249999,34944.14480000002,33538.922380952456,44656.73714999998,1256.54606075,2087.39693068158
1626652800,31794.49,31881.71,30400,30829.29,32380.512,45888.57359374999,34847.17620000001,33364.74047619054,44665.91964999998,2506.27744084,2053.73541072958
1626739200,30822.08,31068.62,29296.39,29786.58,32007.409999999996,45660.21570312499,34696.07960000001,33073.24761904769,44667.83934999999,3413.24206454,2055.3452441915797
1626825600,29792.99,32875.42,29500,32138.45,31795.402000000002,45476.57570312499,34604.98260000001,32935.21047619054,44667.44894999998,4842.16399723,2141.5152811020794
1626912000,32115.82,32609.83,31703.15,32300.88,31714.99,45284.32992187499,34499.213,32875.051904761975,44663.46419999998,2392.46948134,2156.7968143565795
1626998400,32306.98,33684.17,32000,33684.17,31810.607000000007,45087.31718749998,34388.4988,32868.98571428579,44671.85564999998,1976.38421775,2193.391179048579
1627084800,33685,34534.32,33419.31,34301.78,31958.430000000004,44904.924453124986,34336.788,32850.58000000007,44673.16929999998,1440.46627864,2205.214307216579
1627171200,34301.86,35448.97,33874.03,35428.28,32316.393,44728.02039062499,34334.71079999999,32857.202380952454,44666.06099999999,2063.49425027,2195.671349271079
1627257600,35438.93,40581.3,35282.7,37291.24,32906.7,44565.15203124999,34364.3586,33028.01333333341,44654.964749999985,8840.39875048,2518.366030939579
1627344000,37271.44,39539.5,36386.19,39475.41,33701.273,44425.258437499986,34482.214400000004,33277.12380952389,44649.006449999986,5896.66715588,2736.1972663215793
1627430400,39446.94,40927.53,38786.8,40036.32,34527.240000000005,44315.61312499999,34614.707,33570.16428571436,44647.99274999998,3943.47800378,2786.0784202630794
1627516800,40024.8,40662.8,39239.95,40037.51,35448.062,44203.706406249985,34667.4572,33910.103333333405,44657.31164999998,2306.03838571,2819.55158602808
1627603200,40045.21,42335.5,38331.37,42234.89,36692.893000000004,44125.170234374986,34778.004199999996,34310.50619047626,44691.20819999999,3651.71579023,2930.01613394608
1627689600,42236.72,42411.32,41007.51,41490.13,37628.061,44048.32664062498,34860.984599999996,34690.15047619055,44728.483749999985,1507.86822076,2923.65866204708
1627776000,41489.16,42614.85,39424.27,39839,38381.873,43929.24562499998,34946.9094,34955.88714285722,44740.71129999998,2042.01706796,2931.78264870958
1627862400,39875.2,40459.31,38687.62,39165.55,38930.011,43798.98101562498,34949.945199999995,35244.48476190483,44740.86729999998,2407.96526999,2958.6522105575796
1627948800,39157.52,39792.83,37639,38177.07,39317.54,43661.372812499976,34902.8308,35503.964285714355,44747.969799999984,3279.64493738,2984.979554381079
1628035200,38173.75,39973.94,37481,39741.12,39748.824,43521.84953124997,34894.22380000001,35833.37238095245,44766.67539999998,4080.83535873,3065.5106705050794
1628121600,39742.77,41401.96,37300,40894.67,40109.167,43382.27203124997,34945.0374,36264.13523809531,44792.05249999998,5804.4070686,3260.107590572579
1628208000,40893.77,43381,39879.47,42856.59,40447.285,43257.85023437498,35040.21560000001,36810.250476190544,44823.25069999998,2937.38483944,3329.473232015079
1628294400,42857.09,44763.14,42251,44612.94,40904.947,43147.57218749997,35215.67440000001,37433.26285714293,44866.727299999984,4886.93838098,3510.9928480265794
1628380800,44624.4,45355,43298.84,43858.42,41287.038,43029.250468749975,35382.70160000001,38008.585238095315,44908.53484999998,3647.1306298,3568.0355074745794
1628467200,43836.05,46529.02,42811.26,46292.89,41692.838,42945.09789062497,35596.76400000001,38744.947142857214,44985.908399999986,4961.57748106,3645.452278300579
1628553600,46282.3,46759,44643,45609.7,42104.795000000006,42846.64101562498,35876.27480000001,39498.42904761912,45048.996599999984,2390.08850832,3522.848503855079
1628640000,45596.21,46787.6,45353.02,45539.85,42674.88000000001,42740.50703124998,36136.16660000001,40136.59095238103,45116.10839999998,2606.12636675,3533.531348125579
1628726400,45536.8,46236.7,43800.02,44444.45,43202.770000000004,42634.46132812498,36352.01000000001,40714.85619047627,45176.886499999986,2463.50628392,3557.8874514340787
1628812800,44413.35,47929.18,44253.97,47860.58,44171.12100000001,42571.39687499998,36616.23520000001,41389.92333333341,45254.88329999998,2934.74203072,3632.6012390380783
1628899200,47855,48190,46000,47119.73,44908.982,42485.640078124976,36926.67480000001,42000.30190476199,45327.95929999999,1908.95141153,3624.8740971010784
1628985600,47130.97,47424,45500.27,47028.3,45522.34500000001,42399.06773437498,37221.85320000001,42552.68380952389,45410.97769999999,1726.79198617,3269.193758885578
1629072000,47024.96,48075.22,45654.14,45930.51,45829.73700000001,42290.97070312497,37446.47340000001,42964.0776190477,45473.20589999998,2410.15099528,3094.867950855578
1629158400,45930.48,47183.37,44417.51,44694.35,45837.878000000004,42171.55734374998,37650.61820000001,43212.59857142865,45525.42944999998,3286.2732645,3062.0077138915776
1629244800,44631.47,46041.62,44218.73,44721.13,45924.149000000005,42053.506328124975,37826.882200000015,43435.68476190484,45577.42009999999,2247.93415783,3059.102502497578
1629331200,44734.16,47114.99,43935.54,46764.3,45971.29000000001,41922.25492187498,38061.42360000001,43756.008095238176,45645.53469999999,2776.2376849,3015.3285972310778
1629417600,46759.29,49436.1,46645.77,49356,46345.920000000006,41815.76984374998,38377.25940000001,44095.10857142865,45724.65099999998,2815.55159523,3080.7127659545777
1629504000,49332.31,49833.02,48300,48884.34,46680.369000000006,41703.622578124974,38678.71500000001,44447.21380952389,45791.46189999999,1765.28821609,3066.8763233610775
1629590400,48883.84,49540.01,48080.17,49301.86,47166.11,41608.822734374975,38970.986200000014,44897.82619047627,45849.51304999999,985.76533304,2995.7663265135775
1629676800,49296.71,50562.11,49010,49561.37,47336.189000000006,41527.018671874976,39256.429400000015,45392.86523809532,45912.33829999998,2419.86814706,2952.7774869975774
1629763200,49516.08,49893.5,47593.66,47731.33,47397.349,41460.22749999997,39536.971800000014,45847.83000000009,45959.39494999998,2217.80305724,2859.6258719230777
1629849600,47670.8,49273.93,47100,49011.75,47595.694,41408.01812499997,39832.32500000001,46289.28857142866,46008.043199999986,1902.72053396,2664.5415451910776
1629936000,49022.39,49387.6,46309.33,46856.29,47688.27200000001,41332.65171874997,40091.80140000001,46573.175238095326,46048.03269999999,2091.1098261,2622.2277945240776
1630022400,46857.86,49187,46363,49100.49,48128.88600000001,41295.88804687497,40415.83540000001,46870.5038095239,46061.45289999998,1943.55725598,2475.0587382740778
1630108800,49100.49,49325,48244.88,48935.36,48550.30900000001,41274.41468749997,40718.01400000001,47076.333333333416,46073.603699999985,692.70588551,2327.337501059578
1630195200,48947.1,49666,47798.29,48808.72,48754.75100000001,41255.915234374974,41023.83640000001,47312.06190476199,46093.37414999998,1044.48189034,2131.4827215235778
1630281600,48782.56,48915.29,46855.41,47003.44,48519.49500000001,41231.575390624974,41278.73460000001,47345.897619047704,46088.48394999999,1676.48255108,2095.802423661578
1630368000,46969.05,48270.33,46699,47156.09,48346.670000000006,41216.166484374975,41559.75640000001,47419.53523809531,46087.285199999984,2239.1677032,2077.4544904840777
1630454400,47118.02,49134,46532.42,48853.49,48301.833000000006,41175.385859374976,41882.26620000001,47577.3276190477,46095.410249999986,2194.6300788,2064.010680228078
1630540800,48830.93,50390,48625,49274.79,48273.17500000001,41129.94367187498,42211.291000000005,47807.34380952389,46098.47169999998,2267.93197524,2030.6701774540775
1630627200,49284.93,51050,48351.6,50025.04,48502.54600000002,41091.84265624998,42574.81880000001,47910.41333333341,46108.884049999986,2226.78294854,2046.5617543045778
1630713600,50033.5,50570.94,49388.26,49943.16,48595.68700000001,41063.32070312498,42945.918600000005,48044.86238095246,46112.76719999998,869.28839285,2003.686574638578
1630800000,49965.32,51900,49500,51809.28,49090.98600000001,41016.71140624998,43351.51060000001,48272.52809523817,46110.942199999976,986.487083,1932.503379024578
1630886400,51809.28,52810,51024.32,52708.2,49451.757000000005,40976.52617187498,43770.14160000001,48595.27523809532,46116.58549999998,2057.29046392,1871.0542389955779
1630972800,52719.43,52956.47,42900.01,46866.82,49244.903000000006,40900.308671874984,44090.89220000001,48698.72619047627,46070.97669999998,6811.92218815,2099.253640511578
1631059200,46894.3,47386.72,44436.93,46091.94,48973.22500000001,40813.35218749998,44416.9994,48764.002857142936,46021.75619999998,3309.09834404,2125.896673468578
1631145600,46070.43,47419.95,45550,46392.81,48912.16200000001,40759.883203124984,44702.0866,48746.31285714294,45966.25569999999,2595.98696952,2114.9184421830782
1631232000,46368.11,47029.08,44125,44857.38,48682.29100000001,40661.03515624998,44953.216600000014,48532.09285714294,45919.67434999998,2392.57110617,2146.282586687078
1631318400,44858.2,45993.32,44767.75,45176.66,48314.608000000015,40572.982578124975,45183.0664,48355.53666666675,45901.11799999998,906.80620376,2142.3346302230784
1631404800,45162.96,46491.63,44752.96,46035,47990.62900000001,40484.33624999998,45417.73080000001,48199.97190476199,45882.52299999998,1015.76215832,2072.1293307860788
1631491200,46039.42,46895.82,43400,44974.34,47485.55900000001,40374.87992187498,45608.652,47981.54190476198,45871.95179999998,2308.42207379,2076.6602816135787
1631577600,44983.77,47273.38,44704.18,47103.18,47201.561,40287.36382812498,45804.8908,47951.63000000008,45875.89354999998,1643.95662405,2063.7220861180786
1631664000,47123.81,48465.77,46702.26,48150.94,46835.727000000006,40226.97492187498,45978.4014,47910.63904761912,45886.09834999998,1307.24871087,2024.5290303565787
1631750400,48188.12,48505,47035,47760.64,46340.971000000005,40156.63851562498,46132.887800000004,47953.703333333404,45898.69674999998,1886.04173385,2021.6532542500786
1631836800,47773.44,48179,46712.14,47305.18,46384.80700000001,40140.37773437498,46278.241200000004,47868.21238095246,45887.07599999998,1558.52317573,2064.9441187610787
1631923200,47316.21,48834,47052.9,48326.74,46608.287,40129.68851562498,46400.0782,47839.230476190554,45886.12794999998,1452.50623073,2085.345335780579
1632009600,48307.05,48389.52,46860,47245.25,46693.531,40109.10117187499,46515.18059999999,47764.77952380959,45870.45579999998,999.59599085,2051.501007769079
1632096000,47257.86,47334.54,42453.97,43035.99,46511.39200000001,40080.406640624984,46579.1204,47575.853333333405,45843.83324999998,4240.48541968,2151.566893593079
1632182400,43003.07,43643.34,39573.21,40596.54,46053.380000000005,40034.717499999984,46607.74020000001,47263.493809523876,45803.11989999998,5961.58790269,2339.914784787579
1632268800,40702.07,44031.85,40580.18,43589.53,45808.833,40034.68734374999,46715.989400000006,47012.82904761912,45776.544399999984,3040.94514066,2378.565443058579
1632355200,43586,45013.17,43105,44903.5,45801.749,40050.51351562498,46819.237,46804.672380952456,45746.22539999998,2317.75578384,2383.114084823579
1632441600,44893.7,45159.9,40693.27,42848.5,45376.281,40097.920312499984,46858.3136,46462.93238095245,45698.32889999998,4348.92828394,2557.0960793780787
1632528000,42835.88,43010.69,41689.6,42722.19,44833.406,40114.18039062498,46855.62560000001,46119.07666666674,45637.29474999998,879.19677382,2551.731563919079
1632614400,42699.1,43956.38,40808,43204.73,44377.81500000001,40160.03640624998,46827.46140000001,45709.336190476264,45574.056949999984,1659.78466242,2531.8562738440787
1632700800,43162.82,44377.7,42130,42189.81,43866.278000000006,40196.671328124976,46794.08920000001,45208.46047619054,45496.14554999998,1936.64957217,2288.092643045079
1632787200,42154.87,42778.93,40888,41049,43138.504,40246.21984374998,46689.21140000001,44931.4214285715,45415.035349999984,2246.85357977,2234.980404831579
1632873600,41024.21,42595.93,40750,41542.9,42568.26900000001,40267.337343749976,46607.87540000001,44714.800476190554,45316.92389999998,1804.68629521,2195.415371116079
1632960000,41537.56,44117.74,41427.87,43834.43,42648.113000000005,40309.811640624976,46573.767,44592.97285714293,45241.01409999997,2614.50420927,2206.512026271079
1633046400,43835.47,48500,43291.07,48171.86,43405.645000000004,40379.04835937498,46648.315200000005,44750.80523809531,45203.65154999997,3446.85926506,2333.5146793360786
1633132800,48185.61,48361.83,47468.15,47685.8,43815.27200000001,40450.78531249998,46644.81960000001,44870.28809523817,45157.53884999998,1361.84402667,2350.8187727535783
1633219200,47644.63,49225.55,47119.87,48235.93,44148.51500000001,40548.78117187498,46667.1436,44975.09428571436,45104.20949999998,1164.49253917,2293.622296022578
1633305600,48231.04,49530.53,46900,49242.14,44787.87900000001,40662.922265624984,46711.42040000001,45178.322857142935,45062.17994999998,2737.78053315,2348.3134914775783
1633392000,49283.89,51914.68,49075,51501.19,45665.77900000001,40786.54312499998,46822.834,45387.75190476198,45029.32589999998,2206.54626303,2393.2783690855786
1633478400,51521.89,55800,50428.64,55345.79,46879.88500000001,40927.202343749974,47035.8628,45730.363809523886,45015.36289999998,3777.71874031,2487.8622194085788
1633564800,55360.1,55360.32,53289.57,53787.6,48039.66400000001,41060.75156249997,47217.192200000005,46017.36190476198,44997.39194999998,2340.16056165,2526.944088704579
1633651200,53816.16,56168,53623.02,54589.05,49393.66900000001,41193.561640624976,47373.68720000001,46364.212857142935,44999.98259999999,1830.06114509,2545.821834422579